<wms>
  <id>WMSInfoImpl-138ac53:1565b596149:-7fa5</id>
  <enabled>true</enabled>
  <name>WMS</name>
  <versions>
    <org.geotools.util.Version>
      <version>1.1.1</version>
    </org.geotools.util.Version>
    <org.geotools.util.Version>
      <version>1.3.0</version>
    </org.geotools.util.Version>
  </versions>
  <citeCompliant>false</citeCompliant>
  <schemaBaseURL>http://schemas.opengis.net</schemaBaseURL>
  <verbose>false</verbose>
  <watermark>
    <enabled>false</enabled>
    <position>BOT_RIGHT</position>
    <transparency>100</transparency>
  </watermark>
  <interpolation>Nearest</interpolation>
  <getFeatureInfoMimeTypeCheckingEnabled>false</getFeatureInfoMimeTypeCheckingEnabled>
  <getMapMimeTypeCheckingEnabled>false</getMapMimeTypeCheckingEnabled>
  <maxBuffer>0</maxBuffer>
  <maxRequestMemory>0</maxRequestMemory>
  <maxRenderingTime>0</maxRenderingTime>
  <maxRenderingErrors>0</maxRenderingErrors>
</wms>